ID,Feedback
101,"Great job, Alice! Keep up the good work on your attendance and scores."
102,"Bob, you're doing well, but focus on increasing your engagement."
103,"Charlie, let's work on improving your attendance and test scores."
104,"Diana, your performance is excellent. Keep it up!"
105,"Edward, let's develop a strategy to improve your attendance and scores."
106,"Fiona, you're making steady progress. Stay consistent with your efforts."
107,"George, aim to increase your engagement to see better results."
108,"Hannah, fantastic performance! Keep pushing forward."
109,"Ian, you're doing fine. Let's work on a plan to enhance your engagement."
110,"Jenny, we need to focus on improving your attendance and participation."

